﻿{
  "Programs": {
    "Program": {
      "Information": {
        "Width": "256",
        "Height": "256"
      },
      "Pages": [{
          "AppointDuration": "3600000",
          "LoopType": "1",
          "BgColor": "0xFF000000",
          "BgFile": { "IsRelative": "0" },

          "Regions":[
          	  {
                "Layer": "1",
                "Rect": {
                  "X": "0",
                  "Y": "0",
                  "Width": "128",
                  "Height": "64",
                  "BorderWidth": "1",
                  "BorderColor": "0xFFFF0080"
                },
                "Items": [{
                    "Name": "Single line text.",
                    "Type": "4",
                    "Version": "0x00000001",
                    "BackColor": "black",
                    "Alpha": "1.000000",
                    "Duration": "94480",
                    "BeGlaring": "0",
                    "MultiPicInfo": {
                      "OnePicDuration": "6000"
                    },
                    "TextColor": "0xFFFFFFFF",
                    "LogFont": {
                      "lfHeight": "24",
                      "lfWeight": "0",
                      "lfItalic": "0",
                      "lfUnderline": "0",
                      "lfStrikeOut": "0",
                      "lfFaceName": "times"
                    },
                    "RepeatCount": "1",
                    "Speed": "60.000000",
                    "IsHeadConnectTail": "0",
                    "IsScroll": "0",
                    "PlayLenth": "300000",
                    "Text": "Easy"
				}]
              },
              {
                "Layer": "2",
                "Rect": {
                  "X": "128",
                  "Y": "0",
                  "Width": "128",
                  "Height": "64",
                  "BorderWidth": "1",
                  "BorderColor": "0xFFFF0080"
                },
                "Items": [{
                    "Name": "Single line text.",
                    "Type": "4",
                    "Version": "0x00000001",
                    "BackColor": "black",
                    "Alpha": "1.000000",
                    "Duration": "94480",
                    "BeGlaring": "0",
                    "MultiPicInfo": {
                      "OnePicDuration": "6000"
                    },
                    "TextColor": "0xFFFFFFFF",
                    "LogFont": {
                      "lfHeight": "24",
                      "lfWeight": "0",
                      "lfItalic": "0",
                      "lfUnderline": "0",
                      "lfStrikeOut": "0",
                      "lfFaceName": "times"
                    },
                    "RepeatCount": "1",
                    "Speed": "60.000000",
                    "IsHeadConnectTail": "0",
                    "IsScroll": "0",
                    "PlayLenth": "300000",
                    "Text": "Human"
				}]
              },
          	  {
                "Layer": "3",
                "Rect": {
                  "X": "0",
                  "Y": "64",
                  "Width": "128",
                  "Height": "64",
                  "BorderWidth": "1",
                  "BorderColor": "0xFFFF0080"
                },
                "Items": [{
                    "Name": "Single line text.",
                    "Type": "4",
                    "Version": "0x00000001",
                    "BackColor": "black",
                    "Alpha": "1.000000",
                    "Duration": "94480",
                    "BeGlaring": "0",
                    "MultiPicInfo": {
                      "OnePicDuration": "6000"
                    },
                    "TextColor": "0xFFFFFFFF",
                    "LogFont": {
                      "lfHeight": "24",
                      "lfWeight": "0",
                      "lfItalic": "0",
                      "lfUnderline": "0",
                      "lfStrikeOut": "0",
                      "lfFaceName": "times"
                    },
                    "RepeatCount": "1",
                    "Speed": "60.000000",
                    "IsHeadConnectTail": "0",
                    "IsScroll": "0",
                    "PlayLenth": "300000",
                    "Text": "hope"
				}]
              },
              {
                "Layer": "4",
                "Rect": {
                  "X": "128",
                  "Y": "64",
                  "Width": "128",
                  "Height": "64",
                  "BorderWidth": "1",
                  "BorderColor": "0xFFFF0080"
                },
                "Items": [{
                    "Name": "Single line text.",
                    "Type": "4",
                    "Version": "0x00000001",
                    "BackColor": "black",
                    "Alpha": "1.000000",
                    "Duration": "94480",
                    "BeGlaring": "0",
                    "MultiPicInfo": {
                      "OnePicDuration": "6000"
                    },
                    "TextColor": "0xFFFFFFFF",
                    "LogFont": {
                      "lfHeight": "24",
                      "lfWeight": "0",
                      "lfItalic": "0",
                      "lfUnderline": "0",
                      "lfStrikeOut": "0",
                      "lfFaceName": "times"
                    },
                    "RepeatCount": "1",
                    "Speed": "60.000000",
                    "IsHeadConnectTail": "0",
                    "IsScroll": "0",
                    "PlayLenth": "300000",
                    "Text": "Time"
				}]
              }
            ]

		}]
    }
  }
}